ticker,name
A,Agilent Technologies Inc. Common Stock
AA,Alcoa Corporation Common Stock
AAL,American Airlines Group Inc. Common Stock
AAOI,Applied Optoelectronics Inc. Common Stock
AAON,AAON Inc. Common Stock
AAP,Advance Auto Parts Inc.
AAPL,Apple Inc. Common Stock
ABBV,AbbVie Inc. Common Stock
ABNB,Airbnb Inc. Class A Common Stock
ABT,Abbott Laboratories Common Stock
ACA,Arcosa Inc. Common Stock
ACGL,Arch Capital Group Ltd. Common Stock
ACHC,Acadia Healthcare Company Inc. Common Stock
ACHR,Archer Aviation Inc. Class A Common Stock
ACI,Albertsons Companies Inc. Class A Common Stock
ACIW,ACI Worldwide Inc. Common Stock
ACLS,Axcelis Technologies Inc. Common Stock
ACM,AECOM Common Stock
ACMR,ACM Research Inc. Class A Common Stock
ACN,Accenture plc Class A Ordinary Shares (Ireland)
ADBE,Adobe Inc. Common Stock
ADC,Agree Realty Corporation Common Stock
ADEA,Adeia Inc. Common Stock
ADI,Analog Devices Inc. Common Stock
ADM,Archer-Daniels-Midland Company Common Stock
ADMA,ADMA Biologics Inc Common Stock
ADP,Automatic Data Processing Inc. Common Stock
ADPT,Adaptive Biotechnologies Corporation Common Stock
ADSK,Autodesk Inc. Common Stock
ADT,ADT Inc. Common Stock
AEE,Ameren Corporation Common Stock
AEG,Aegon Ltd. New York Registry Shares
AEHR,Aehr Test Systems Common Stock
AEIS,Advanced Energy Industries Inc. Common Stock
AEM,Agnico Eagle Mines Limited Common Stock
AEO,American Eagle Outfitters Inc. Common Stock
AEP,American Electric Power Company Inc. Common Stock
AER,AerCap Holdings N.V. Ordinary Shares
AES,The AES Corporation Common Stock
AESI,Atlas Energy Solutions Inc. Common Stock
AFG,American Financial Group Inc. Common Stock
AFL,AFLAC Incorporated Common Stock
AFRM,Affirm Holdings Inc. Class A Common Stock
AG,First Majestic Silver Corp. Ordinary Shares (Canada)
AGCO,AGCO Corporation Common Stock
AGI,Alamos Gold Inc. Class A Common Shares
AGL,agilon health inc. Common Stock
AGNC,AGNC Investment Corp. Common Stock
AGX,Argan Inc. Common Stock
AHR,American Healthcare REIT Inc. Common Stock
AI,C3.ai Inc. Class A Common Stock
AIG,American International Group Inc. New Common Stock
AIR,AAR Corp. Common Stock
AIT,Applied Industrial Technologies Inc. Common Stock
AIZ,Assurant Inc. Common Stock
AJG,Arthur J. Gallagher & Co. Common Stock
AKAM,Akamai Technologies Inc. Common Stock
ALAB,Astera Labs Inc. Common Stock
ALB,Albemarle Corporation Common Stock
ALC,Alcon Inc. Ordinary Shares
ALGM,Allegro MicroSystems Inc. Common Stock
ALGN,Align Technology Inc. Common Stock
ALHC,Alignment Healthcare Inc. Common Stock
ALK,Alaska Air Group Inc. Common Stock
ALKS,Alkermes plc Ordinary Shares
ALL,Allstate Corporation (The) Common Stock
ALLE,Allegion plc Ordinary Shares
ALLY,Ally Financial Inc. Common Stock
ALM,Almonty Industries Inc. Common Shares
ALNY,Alnylam Pharmaceuticals Inc. Common Stock
ALSN,Allison Transmission Holdings Inc. Common Stock
ALV,Autoliv Inc. Common Stock
AMAT,Applied Materials Inc. Common Stock
AMBA,Ambarella Inc. Ordinary Shares
AMBQ,Ambiq Micro Inc. Common Stock
AMCR,Amcor plc Ordinary Shares
AMD,Advanced Micro Devices Inc. Common Stock
AME,AMETEK Inc.
AMG,Affiliated Managers Group Inc. Common Stock
AMGN,Amgen Inc. Common Stock
AMH,American Homes 4 Rent Common Shares of Beneficial Interest
AMKR,Amkor Technology Inc. Common Stock
AMP,Ameriprise Financial Inc. Common Stock
AMPX,Amprius Technologies Inc. Common Stock
AMRZ,Amrize Ltd Ordinary Shares
AMT,American Tower Corporation (REIT) Common Stock
AMZN,Amazon.com Inc. Common Stock
AN,AutoNation Inc. Common Stock
ANAB,AnaptysBio Inc. Common Stock
ANET,Arista Networks Inc. Common Stock
ANF,Abercrombie & Fitch Company Common Stock
AON,Aon plc Class A Ordinary Shares (Ireland)
AOS,A.O. Smith Corporation Common Stock
APA,APA Corporation Common Stock
APD,Air Products and Chemicals Inc. Common Stock
APG,APi Group Corporation Common Stock
APGE,Apogee Therapeutics Inc. Common Stock
APH,Amphenol Corporation Common Stock
APLD,Applied Digital Corporation Common Stock
APO,Apollo Global Management Inc. (New) Common Stock
APP,Applovin Corporation Class A Common Stock
APPF,AppFolio Inc. Class A Common Stock
APTV,Aptiv PLC Ordinary Shares
AR,Antero Resources Corporation Common Stock
ARCB,ArcBest Corporation Common Stock
ARCC,Ares Capital Corporation Common Stock
ARE,Alexandria Real Estate Equities Inc. Common Stock
ARES,Ares Management Corporation Class A Common Stock
ARI,Apollo Commercial Real Estate Finance Inc
ARMK,Aramark Common Stock
ARR,ARMOUR Residential REIT Inc.
ARRY,Array Technologies Inc. Common Stock
ARW,Arrow Electronics Inc. Common Stock
ARWR,Arrowhead Pharmaceuticals Inc. Common Stock
AS,Amer Sports Inc. Ordinary Shares
ASAN,Asana Inc. Class A Common Stock
ASB,Associated Banc-Corp Common Stock
ASML,ASML Holding N.V. New York Registry Shares
ASND,Ascendis Pharma A/S Ordinary Share
ASO,Academy Sports and Outdoors Inc. Common Stock
ASTS,AST SpaceMobile Inc. Class A Common Stock
ATAI,AtaiBeckley Inc. Common Stock
ATI,ATI Inc. Common Stock
ATO,Atmos Energy Corporation Common Stock
ATR,AptarGroup Inc. Common Stock
AU,AngloGold Ashanti PLC Ordinary Shares
AUB,Atlantic Union Bankshares Corporation Common Stock
AUR,Aurora Innovation Inc. Class A Common Stock
AVAV,AeroVironment Inc. Common Stock
AVB,AvalonBay Communities Inc. Common Stock
AVEX,AEVEX Corp. Class A Common Stock
AVGO,Broadcom Inc. Common Stock
AVT,Avnet Inc. Common Stock
AVTR,Avantor Inc. Common Stock
AVY,Avery Dennison Corporation Common Stock
AWI,Armstrong World Industries Inc Common Stock
AWK,American Water Works Company Inc. Common Stock
AWR,American States Water Company Common Stock
AXGN,Axogen Inc. Common Stock
AXON,Axon Enterprise Inc. Common Stock
AXP,American Express Company Common Stock
AXS,Axis Capital Holdings Limited Common Stock
AXSM,Axsome Therapeutics Inc. Common Stock
AXTA,Axalta Coating Systems Ltd. Common Shares
AXTI,AXT Inc Common Stock
AYI,Acuity Inc. Common Stock
AZN,AstraZeneca PLC Ordinary Shares
AZO,AutoZone Inc. Common Stock
AZZ,AZZ Inc.
B,Barrick Mining Corporation Common Shares
BA,Boeing Company (The) Common Stock
BAC,Bank of America Corporation Common Stock
BAH,Booz Allen Hamilton Holding Corporation Common Stock
BALL,Ball Corporation Common Stock
BAM,Brookfield Asset Management Inc Class A Limited Voting Shares
BANC,Banc of California Inc. Common Stock
BAND,Bandwidth Inc. Class A Common Stock
BAP,Credicorp Ltd. Common Stock
BAX,Baxter International Inc. Common Stock
BB,BlackBerry Limited Common Stock
BBIO,BridgeBio Pharma Inc. Common Stock
BBWI,Bath & Body Works Inc.
BBY,Best Buy Co. Inc. Common Stock
BC,Brunswick Corporation Common Stock
BCAT,BlackRock Capital Allocation Term Trust Common Shares of Beneficial Interest
BCE,BCE Inc. Common Stock
BCO,Brinks Company (The) Common Stock
BCS,Barclays PLC Common Stock
BDC,Belden Inc Common Stock
BDX,Becton Dickinson and Company Common Stock
BE,Bloom Energy Corporation Class A Common Stock
BEAM,Beam Therapeutics Inc. Common Stock
BELFB,Bel Fuse Inc. Class B Common Stock
BEN,Franklin Resources Inc. Common Stock
BEPC,Brookfield Renewable Corporation Brookfield Renewable Corporation Class A Subordinate Voting Shares
BFH,Bread Financial Holdings Inc. Common Stock
BFLY,Butterfly Network Inc. Class A Common Stock
BG,Bunge Limited Common Shares
BH,Biglari Holdings Inc. Class B Common Stock
BHVN,Biohaven Ltd. Common Shares
BIDU,Baidu Inc. ADS
BIIB,Biogen Inc. Common Stock
BILL,BILL Holdings Inc. Common Stock
BIO,Bio-Rad Laboratories Inc. Class A Common Stock
BIRK,Birkenstock Holding plc Ordinary Shares
BIYA,Baiya International Group Inc Class A Ordinary Shares
BJ,BJ's Wholesale Club Holdings Inc. Common Stock
BJRI,BJ's Restaurants Inc. Common Stock
BKD,Brookdale Senior Living Inc. Common Stock
BKH,Black Hills Corporation Common Stock
BKNG,Booking Holdings Inc. Common Stock
BKR,Baker Hughes Company Class A Common Stock
BLDR,Builders FirstSource Inc. Common Stock
BLK,BlackRock Inc. Common Stock
BLLN,BillionToOne Inc. Class A Common Stock
BMI,Badger Meter Inc. Common Stock
BMNR,BitMine Immersion Technologies Inc. Common Stock
BMO,Bank Of Montreal Common Stock
BMRN,BioMarin Pharmaceutical Inc. Common Stock
BMY,Bristol-Myers Squibb Company Common Stock
BN,Brookfield Corporation Class A Limited Voting Shares
BNS,Bank Nova Scotia Halifax Pfd 3 Ordinary Shares
BNY,The Bank of New York Mellon Corporation Common Stock
BOH,Bank of Hawaii Corporation Common Stock
BOKF,BOK Financial Corporation Common Stock
BOOT,Boot Barn Holdings Inc. Common Stock
BOX,Box Inc. Class A Common Stock
BP,BP p.l.c. Common Stock
BPOP,Popular Inc. Common Stock
BR,Broadridge Financial Solutions Inc. Common Stock
BRBR,BellRing Brands Inc. Common Stock
BRK-A,Berkshire Hathaway Inc.
BRK-B,Berkshire Hathaway Inc.
BRKR,Bruker Corporation Common Stock
BRO,Brown & Brown Inc. Common Stock
BROS,Dutch Bros Inc. Class A Common Stock
BRX,Brixmor Property Group Inc. Common Stock
BRZE,Braze Inc. Class A Common Stock
BSX,Boston Scientific Corporation Common Stock
BSY,Bentley Systems Incorporated Class B Common Stock
BTDR,Bitdeer Technologies Group Class A Ordinary Shares
BTE,Baytex Energy Corp Common Shares
BTG,B2Gold Corp Common shares (Canada)
BTI,British American Tobacco  Industries p.l.c. Common Stock ADR
BTSG,BrightSpring Health Services Inc. Common Stock
BTU,Peabody Energy Corporation Common Stock
BUD,Anheuser-Busch Inbev SA Sponsored ADR (Belgium)
BULL,Webull Corporation Class A Ordinary Shares
BURL,Burlington Stores Inc. Common Stock
BVN,Buenaventura Mining Company Inc.
BW,Babcock & Wilcox Enterprises Inc. Common Stock
BWA,BorgWarner Inc. Common Stock
BWXT,BWX Technologies Inc. Common Stock
BX,Blackstone Inc. Common Stock
BXP,BXP Inc. Common Stock
BYD,Boyd Gaming Corporation Common Stock
C,Citigroup Inc. Common Stock
CACC,Credit Acceptance Corporation Common Stock
CACI,CACI International Inc. Class A Common Stock
CAG,ConAgra Brands Inc. Common Stock
CAH,Cardinal Health Inc. Common Stock
CAI,Caris Life Sciences Inc. Common Stock
CAKE,Cheesecake Factory Incorporated (The) Common Stock
CALM,Cal-Maine Foods Inc. Common Stock
CALX,Calix Inc Common Stock
CAMT,Camtek Ltd. Ordinary Shares
CAR,Avis Budget Group Inc. Common Stock
CARG,CarGurus Inc. Class A Common Stock
CARR,Carrier Global Corporation Common Stock
CART,Maplebear Inc. Common Stock
CASY,Casey's General Stores Inc. Common Stock
CAT,Caterpillar Inc. Common Stock
CAVA,CAVA Group Inc. Common Stock
CB,Chubb Limited  Common Stock
CBOE,Cboe Global Markets Inc. Common Stock
CBRE,CBRE Group Inc Common Stock Class A
CBRS,Cerebras Systems Inc. Class A Common Stock
CBSH,Commerce Bancshares Inc. Common Stock
CCC,CCC Intelligent Solutions Holdings Inc. Common Stock
CCEP,Coca-Cola Europacific Partners plc Ordinary Shares
CCI,Crown Castle Inc. Common Stock
CCJ,Cameco Corporation Common Stock
CCK,Crown Holdings Inc.
CCL,Carnival Corporation Ltd. Common Shares
CDE,Coeur Mining Inc. Common Stock
CDNA,CareDx Inc. Common Stock
CDNL,Cardinal Infrastructure Group Inc. Class A Common Stock
CDNS,Cadence Design Systems Inc. Common Stock
CDW,CDW Corporation Common Stock
CE,Celanese Corporation Common Stock
CECO,CECO Environmental Corp. Common Stock
CEG,Constellation Energy Corporation Common Stock
CELC,Celcuity Inc. Common Stock
CELH,Celsius Holdings Inc. Common Stock
CENX,Century Aluminum Company Common Stock
CF,CF Industries Holdings Inc. Common Stock
CFG,Citizens Financial Group Inc. Common Stock
CFR,Cullen/Frost Bankers Inc. Common Stock
CG,The Carlyle Group Inc. Common Stock
CGNX,Cognex Corporation Common Stock
CGON,CG Oncology Inc. Common stock
CHD,Church & Dwight Company Inc. Common Stock
CHDN,Churchill Downs Incorporated Common Stock
CHE,Chemed Corp
CHEF,The Chefs' Warehouse Inc. Common Stock
CHH,Choice Hotels International Inc. Common Stock
CHKP,Check Point Software Technologies Ltd. Ordinary Shares
CHRD,Chord Energy Corporation Common Stock
CHRW,C.H. Robinson Worldwide Inc. Common Stock
CHTR,Charter Communications Inc. Class A Common Stock New
CHWY,Chewy Inc. Class A Common Stock
CHYM,Chime Financial Inc. Class A Common Stock
CI,The Cigna Group Common Stock
CIEN,Ciena Corporation Common Stock
CIFR,Cipher Digital Inc. Common Stock
CINF,Cincinnati Financial Corporation Common Stock
CL,Colgate-Palmolive Company Common Stock
CLBK,Columbia Financial Inc. Common Stock
CLF,Cleveland-Cliffs Inc. Common Stock
CLH,Clean Harbors Inc. Common Stock
CLMT,Calumet Inc. Common Stock
CLS,Celestica Inc. Common Stock
CLSK,CleanSpark Inc. Common Stock
CLX,Clorox Company (The) Common Stock
CM,Canadian Imperial Bank of Commerce Common Stock
CMC,Commercial Metals Company Common Stock
CMCSA,Comcast Corporation Class A Common Stock
CME,CME Group Inc. Class A Common Stock
CMG,Chipotle Mexican Grill Inc. Common Stock
CMI,Cummins Inc. Common Stock
CMPS,COMPASS Pathways Plc American Depository Shares
CMS,CMS Energy Corporation Common Stock
CNC,Centene Corporation Common Stock
CNH,CNH Industrial N.V. Common Shares
CNI,Canadian National Railway Company Common Stock
CNK,Cinemark Holdings Inc Cinemark Holdings Inc. Common Stock
CNM,Core & Main Inc. Class A Common Stock
CNP,CenterPoint Energy Inc (Holding Co) Common Stock
CNQ,Canadian Natural Resources Limited Common Stock
CNS,Cohen & Steers Inc Common Stock
CNX,CNX Resources Corporation Common Stock
COCO,The Vita Coco Company Inc. Common Stock
COF,Capital One Financial Corporation Common Stock
COGT,Cogent Biosciences Inc. Common Stock
COHR,Coherent Corp. Common Stock
COHU,Cohu Inc. Common Stock
COIN,Coinbase Global Inc. Class A Common Stock
COKE,Coca-Cola Consolidated Inc. Common Stock
COLB,Columbia Banking System Inc. Common Stock
COLD,Americold Realty Trust Inc. Common Stock
COMP,Compass Inc. Class A Common Stock
COO,The Cooper Companies Inc. Common Stock
COP,ConocoPhillips Common Stock
COR,Cencora Inc. Common Stock
CORT,Corcept Therapeutics Incorporated Common Stock
CORZ,Core Scientific Inc. Common Stock
COST,Costco Wholesale Corporation Common Stock
CP,Canadian Pacific Kansas City Limited Common Shares
CPAY,Corpay Inc. Common Stock
CPB,The Campbell's Company Common Stock
CPNG,Coupang Inc. Class A Common Stock
CPRT,Copart Inc. (DE) Common Stock
CPT,Camden Property Trust Common Stock
CR,Crane Company Common Stock
CRBG,Corebridge Financial Inc. Common Stock
CRCL,Circle Internet Group Inc. Class A Common Stock
CRDO,Credo Technology Group Holding Ltd Ordinary Shares
CRGY,Crescent Energy Company Class A Common Stock
CRH,CRH PLC Ordinary Shares
CRL,Charles River Laboratories International Inc. Common Stock
CRM,Salesforce Inc. Common Stock
CRNX,Crinetics Pharmaceuticals Inc. Common Stock
CROX,Crocs Inc. Common Stock
CRS,Carpenter Technology Corporation Common Stock
CRSP,CRISPR Therapeutics AG Common Shares
CRUS,Cirrus Logic Inc. Common Stock
CRWD,CrowdStrike Holdings Inc. Class A Common Stock
CRWV,CoreWeave Inc. Class A Common Stock
CSCO,Cisco Systems Inc. Common Stock (DE)
CSGP,CoStar Group Inc. Common Stock
CSL,Carlisle Companies Incorporated Common Stock
CSQR,Csquare Inc. Common Stock
CSW,CSW Industrials Inc. Common Stock
CSX,CSX Corporation Common Stock
CTAS,Cintas Corporation Common Stock
CTRE,CareTrust REIT Inc. Common Stock
CTRI,Centuri Holdings Inc. Common Stock
CTSH,Cognizant Technology Solutions Corporation Class A Common Stock
CTVA,Corteva Inc. Common Stock
CUBE,CubeSmart Common Shares
CURB,Curbline Properties Corp. Common Stock
CVCO,Cavco Industries Inc. Common Stock When Issued
CVE,Cenovus Energy Inc Common Stock
CVLT,Commvault Systems Inc. Common Stock
CVNA,Carvana Co. Class A Common Stock
CVS,CVS Health Corporation Common Stock
CVSA,Covista Inc. Common Shares
CVX,Chevron Corporation Common Stock
CWEN,Clearway Energy Inc. Class C Common Stock
CWST,Casella Waste Systems Inc. Class A Common Stock
CWT,California Water Service Group Common Stock
CX,Cemex S.A.B. de C.V. Sponsored ADR
CYTK,Cytokinetics Incorporated Common Stock
CZR,Caesars Entertainment Inc. Common Stock
D,Dominion Energy Inc. Common Stock
DAL,Delta Air Lines Inc. Common Stock
DAR,Darling Ingredients Inc. Common Stock
DASH,DoorDash Inc. Class A Common Stock
DAVE,Dave Inc. Class A Common Stock
DB,Deutsche Bank AG Common Stock
DBX,Dropbox Inc. Class A Common Stock
DCI,Donaldson Company Inc. Common Stock
DCO,Ducommun Incorporated Common Stock
DD,DuPont de Nemours Inc. Common Stock
DDOG,Datadog Inc. Class A Common Stock
DDS,Dillard's Inc. Common Stock
DE,Deere & Company Common Stock
DECK,Deckers Outdoor Corporation Common Stock
DELL,Dell Technologies Inc. Class C Common Stock
DEO,Diageo plc Common Stock
DFTX,Definium Therapeutics Inc. Common Shares
DG,Dollar General Corporation Common Stock
DGX,Quest Diagnostics Incorporated Common Stock
DHI,D.R. Horton Inc. Common Stock
DHR,Danaher Corporation Common Stock
DHT,DHT Holdings Inc.
DINO,HF Sinclair Corporation Common Stock
DIOD,Diodes Incorporated Common Stock
DIS,Walt Disney Company (The) Common Stock
DJT,Trump Media & Technology Group Corp. Common Stock
DK,Delek US Holdings Inc. Common Stock
DKNG,DraftKings Inc. Class A Common Stock
DKS,Dick's Sporting Goods Inc Common Stock
DLB,Dolby Laboratories Common Stock
DLR,Digital Realty Trust Inc. Common Stock
DLTR,Dollar Tree Inc. Common Stock
DNOW,DNOW Inc. Common Stock
DNTH,Dianthus Therapeutics Inc. Common Stock
DOC,Healthpeak Properties Inc. Common Stock
DOCN,DigitalOcean Holdings Inc. Common Stock
DOCS,Doximity Inc. Class A Common Stock
DOCU,DocuSign Inc. Common Stock
DOV,Dover Corporation Common Stock
DOW,Dow Inc. Common Stock
DOX,Amdocs Limited Ordinary Shares
DPC,DPC Holdings PLC Ordinary Shares
DPZ,Domino's Pizza Inc Common Stock
DRI,Darden Restaurants Inc. Common Stock
DRS,Leonardo DRS Inc. Common Stock
DT,Dynatrace Inc. Common Stock
DTE,DTE Energy Company Common Stock
DTM,DT Midstream Inc. Common Stock
DUK,Duke Energy Corporation (Holding Company) Common Stock
DUOL,Duolingo Inc. Class A Common Stock
DVA,DaVita Inc. Common Stock
DVN,Devon Energy Corporation Common Stock
DX,Dynex Capital Inc. Common Stock
DXCM,DexCom Inc. Common Stock
DY,Dycom Industries Inc. Common Stock
EA,Electronic Arts Inc. Common Stock
EAT,Brinker International Inc. Common Stock
EBAY,eBay Inc. Common Stock
EBC,Eastern Bankshares Inc. Common Stock
ECG,Everus Construction Group Inc. Common Stock
ECHO,EchoStar  Corporation Common Stock
ECL,Ecolab Inc. Common Stock
ED,Consolidated Edison Inc. Common Stock
EFX,Equifax Inc. Common Stock
EG,Everest Group Ltd. Common Stock
EGP,EastGroup Properties Inc. Common Stock
EHC,Encompass Health Corporation Common Stock
EIX,Edison International Common Stock
EL,Estee Lauder Companies Inc. (The) Common Stock
ELAN,Elanco Animal Health Incorporated Common Stock
ELF,e.l.f. Beauty Inc. Common Stock
ELS,Equity Lifestyle Properties Inc. Common Stock
ELV,Elevance Health Inc. Common Stock
ELVN,Enliven Therapeutics Inc. Common Stock
EME,EMCOR Group Inc. Common Stock
EMN,Eastman Chemical Company Common Stock
EMR,Emerson Electric Company Common Stock
ENB,Enbridge Inc Common Stock
ENPH,Enphase Energy Inc. Common Stock
ENS,EnerSys Common Stock
ENSG,The Ensign Group Inc. Common Stock
ENTG,Entegris Inc. Common Stock
ENVA,Enova International Inc. Common Stock
EOG,EOG Resources Inc. Common Stock
EOSE,Eos Energy Enterprises Inc. Class A Common Stock
EPAM,EPAM Systems Inc. Common Stock
EPD,Enterprise Products Partners L.P. Common Stock
EPRT,Essential Properties Realty Trust Inc. Common Stock
EQH,Equitable Holdings Inc. Common Stock
EQIX,Equinix Inc. Common Stock REIT
EQNR,Equinor ASA
EQPT,EquipmentShare.com Inc Class A Common Stock
EQR,Equity Residential Common Shares of Beneficial Interest
EQT,EQT Corporation Common Stock
EQX,Equinox Gold Corp. Common Shares
ERAS,Erasca Inc. Common Stock
ERIE,Erie Indemnity Company Class A Common Stock
ES,Eversource Energy (D/B/A) Common Stock
ESAB,ESAB Corporation Common Stock
ESE,ESCO Technologies Inc. Common Stock
ESI,Element Solutions Inc. Common Stock
ESLT,Elbit Systems Ltd. Ordinary Shares
ESS,Essex Property Trust Inc. Common Stock
ESTA,Establishment Labs Holdings Inc. Common Shares
ESTC,Elastic N.V. Ordinary Shares
ETN,Eaton Corporation PLC Ordinary Shares
ETON,Eton Pharmaceuticals Inc. Common Stock
ETR,Entergy Corporation Common Stock
ETSY,Etsy Inc. Common Stock
EVR,Evercore Inc. Class A Common Stock
EVRG,Evergy Inc. Common Stock
EW,Edwards Lifesciences Corporation Common Stock
EWBC,East West Bancorp Inc. Common Stock
EXC,Exelon Corporation Common Stock
EXE,Expand Energy Corporation Common Stock
EXEL,Exelixis Inc. Common Stock
EXLS,ExlService Holdings Inc. Common Stock
EXP,Eagle Materials Inc Common Stock
EXPD,Expeditors International of Washington Inc. Common Stock
EXPE,Expedia Group Inc. Common Stock
EXR,Extra Space Storage Inc Common Stock
EXTR,Extreme Networks Inc. Common Stock
F,Ford Motor Company Common Stock
FA,First Advantage Corporation Common Stock
FAF,First American Corporation (New) Common Stock
FANG,Diamondback Energy Inc. Common Stock
FAST,Fastenal Company Common Stock
FBIN,Fortune Brands Innovations Inc. Common Stock
FCEL,FuelCell Energy Inc. Common Stock
FCFS,FirstCash Holdings Inc. Common Stock
FCNCA,First Citizens BancShares Inc. Class A Common Stock
FCX,Freeport-McMoRan Inc. Common Stock
FDS,FactSet Research Systems Inc. Common Stock
FDX,FedEx Corporation Common Stock
FDXF,FedEx Freight Holding Company Inc. Common Stock
FE,FirstEnergy Corp. Common Stock
FER,Ferrovial N.V. Ordinary Shares
FERG,Ferguson Enterprises Inc. Common Stock
FFBC,First Financial Bancorp. Common Stock
FFIN,First Financial Bankshares Inc. Common Stock
FFIV,F5 Inc. Common Stock
FHB,First Hawaiian Inc. Common Stock
FHN,First Horizon Corporation Common Stock
FIBK,First Interstate BancSystem Inc. Common Stock (DE)
FICO,Fair Isaac Corporation Common Stock
FIG,Figma Inc. Class A Common Stock
FIGR,Figure Technology Solutions Inc. Class A Common Stock
FIGS,FIGS Inc. Class A Common Stock
FIS,Fidelity National Information Services Inc. Common Stock
FISV,Fiserv Inc. Common Stock
FITB,Fifth Third Bancorp Common Stock
FIVE,Five Below Inc. Common Stock
FIVN,Five9 Inc. Common Stock
FIX,Comfort Systems USA Inc. Common Stock
FLEX,Flex Ltd. Ordinary Shares
FLG,Flagstar Bank N.A. Common Stock
FLNC,Fluence Energy Inc. Class A Common Stock
FLR,Fluor Corporation Common Stock
FLS,Flowserve Corporation Common Stock
FLUT,Flutter Entertainment plc Ordinary Shares
FLY,Firefly Aerospace Inc. Common Stock
FN,Fabrinet Ordinary Shares
FNB,F.N.B. Corporation Common Stock
FND,Floor & Decor Holdings Inc. Common Stock
FNF,Fidelity National Financial Inc. Common Stock
FNV,Franco-Nevada Corporation
FORM,FormFactor Inc. FormFactor Inc. Common Stock
FOUR,Shift4 Payments Inc. Class A Common Stock
FOX,Fox Corporation Class B Common Stock
FOXA,Fox Corporation Class A Common Stock
FPS,Forgent Power Solutions Inc. Class A Common Stock
FR,First Industrial Realty Trust Inc. Common Stock
FRMI,Fermi Inc. Common Stock
FRO,Frontline Plc Ordinary Shares
FROG,JFrog Ltd. Ordinary Shares
FRPT,Freshpet Inc. Common Stock
FRSH,Freshworks Inc. Class A Common Stock
FRT,Federal Realty Investment Trust Common Stock
FRVO,Fervo Energy Company Class A common stock
FSLR,First Solar Inc. Common Stock
FSLY,Fastly Inc. Class A Common Stock
FSS,Federal Signal Corporation Common Stock
FTAI,FTAI Aviation Ltd. Common Stock
FTI,TechnipFMC plc Ordinary Share
FTNT,Fortinet Inc. Common Stock
FTS,Fortis Inc. Common Shares
FTV,Fortive Corporation Common Stock
FULT,Fulton Financial Corporation Common Stock
FUN,Six Flags Entertainment Corporation Common Stock New
FWONK,Liberty Media Corporation Series C Liberty Formula One Common Stock
G,Genpact Limited Common Stock
GAP,Gap Inc. (The) Common Stock
GBCI,Glacier Bancorp Inc. Common Stock
GD,General Dynamics Corporation Common Stock
GDDY,GoDaddy Inc. Class A Common Stock
GDS,GDS Holdings Limited ADS
GE,GE Aerospace Common Stock
GEHC,GE HealthCare Technologies Inc. Common Stock
GEN,Gen Digital Inc. Common Stock
GEO,Geo Group Inc (The) REIT
GEV,GE Vernova Inc. Common Stock
GFL,GFL Environmental Inc. Subordinate voting shares no par value
GFS,GlobalFoundries Inc. Ordinary Shares
GGB,Gerdau S.A. Common Stock
GGG,Graco Inc. Common Stock
GH,Guardant Health Inc. Common Stock
GHM,Graham Corporation Common Stock
GIB,CGI Inc. Common Stock
GIL,Gildan Activewear Inc. Class A Sub. Vot. Common Stock
GILD,Gilead Sciences Inc. Common Stock
GIS,General Mills Inc. Common Stock
GKOS,Glaukos Corporation Common Stock
GL,Globe Life Inc. Common Stock
GLNG,Golar Lng Ltd
GLPI,Gaming and Leisure Properties Inc. Common Stock
GLW,Corning Incorporated Common Stock
GLXY,Galaxy Digital Inc. Class A Common Stock
GM,General Motors Company Common Stock
GMAB,Genmab A/S ADS
GME,GameStop Corporation Common Stock
GMED,Globus Medical Inc. Class A Common Stock
GNRC,Generac Holdlings Inc. Common Stock
GNTX,Gentex Corporation Common Stock
GOOG,Alphabet Inc. Class C Capital Stock
GOOGL,Alphabet Inc. Class A Common Stock
GPC,Genuine Parts Company Common Stock
GPI,Group 1 Automotive Inc. Common Stock
GPK,Graphic Packaging Holding Company
GPN,Global Payments Inc. Common Stock
GPRE,Green Plains Inc. Common Stock
GRAB,Grab Holdings Limited Class A Ordinary Shares
GRMN,Garmin Ltd. Common Stock (Switzerland)
GRPN,Groupon Inc. Common Stock
GS,Goldman Sachs Group Inc. (The) Common Stock
GSAT,Globalstar Inc. Common Stock
GT,The Goodyear Tire & Rubber Company Common Stock
GTLB,GitLab Inc. Class A Common Stock
GTX,Garrett Motion Inc. Common Stock
GVA,Granite Construction Incorporated Common Stock
GWRE,Guidewire Software Inc. Common Stock
GWW,W.W. Grainger Inc. Common Stock
GXO,GXO Logistics Inc. Common Stock
H,Hyatt Hotels Corporation Class A Common Stock
HAL,Halliburton Company Common Stock
HALO,Halozyme Therapeutics Inc. Common Stock
HAS,Hasbro Inc. Common Stock
HBAN,Huntington Bancshares Incorporated Common Stock
HBM,Hudbay Minerals Inc. Ordinary Shares (Canada)
HCA,HCA Healthcare Inc. Common Stock
HCC,Warrior Met Coal Inc. Common Stock
HD,Home Depot Inc. (The) Common Stock
HDB,HDFC Bank Limited Common Stock
HEI,Heico Corporation Common Stock
HGV,Hilton Grand Vacations Inc. Common Stock
HIG,The Hartford Insurance Group Inc. Common Stock
HII,Huntington Ingalls Industries Inc. Common Stock
HIMS,Hims & Hers Health Inc. Class A Common Stock
HL,Hecla Mining Company Common Stock
HLI,Houlihan Lokey Inc. Class A Common Stock
HLNE,Hamilton Lane Incorporated Class A Common Stock
HLT,Hilton Worldwide Holdings Inc. Common Stock
HNGE,Hinge Health Inc. Class A Common Stock
HOG,Harley-Davidson Inc. Common Stock
HOMB,Home BancShares Inc. Common Stock
HON,Honeywell International Inc. Common Stock
HONA,Honeywell Aerospace Inc. Common Stock
HOOD,Robinhood Markets Inc. Class A Common Stock
HPE,Hewlett Packard Enterprise Company Common Stock
HPQ,HP Inc. Common Stock
HQY,HealthEquity Inc. Common Stock
HR,Healthcare Realty Trust Incorporated Common Stock
HRB,H&R Block Inc. Common Stock
HRI,Herc Holdings Inc. Common Stock
HRL,Hormel Foods Corporation Common Stock
HSBC,HSBC Holdings plc. Common Stock
HSIC,Henry Schein Inc. Common Stock
HST,Host Hotels & Resorts Inc. Common Stock
HSY,The Hershey Company Common Stock
HTO,H2O America Common Stock
HUBB,Hubbell Inc Common Stock
HUBS,HubSpot Inc. Common Stock
HUM,Humana Inc. Common Stock
HUT,Hut 8 Corp. Common Stock
HWC,Hancock Whitney Corporation Common Stock
HWM,Howmet Aerospace Inc. Common Stock
HXL,Hexcel Corporation Common Stock
IAG,Iamgold Corporation Ordinary Shares
IBKR,Interactive Brokers Group Inc. Class A Common Stock
IBM,International Business Machines Corporation Common Stock
IBN,ICICI Bank Limited Common Stock
IBP,Installed Building Products Inc. Common Stock
IBRX,ImmunityBio Inc. Common Stock
ICE,Intercontinental Exchange Inc. Common Stock
ICHR,Ichor Holdings Ordinary Shares
ICLR,ICON plc Ordinary Shares
IDA,IDACORP Inc. Common Stock
IDCC,InterDigital Inc. Common Stock
IDXX,IDEXX Laboratories Inc. Common Stock
IESC,IES Holdings Inc. Common Stock
IEX,IDEX Corporation Common Stock
IFF,International Flavors & Fragrances Inc. Common Stock
ILMN,Illumina Inc. Common Stock
IMAX,Imax Corporation Common Stock
IMO,Imperial Oil Limited Common Stock
INCY,Incyte Corp. Common Stock
INDB,Independent Bank Corp. Common Stock
INFQ,Infleqtion Inc. Common Stock
ING,ING Group N.V. Common Stock
INGR,Ingredion Incorporated Common Stock
INIO,INNIO N.V. Ordinary Shares
INOD,Innodata Inc. Common Stock
INSM,Insmed Incorporated Common Stock
INTC,Intel Corporation Common Stock
INTU,Intuit Inc. Common Stock
INVH,Invitation Homes Inc. Common Stock
IONQ,IonQ Inc. Common Stock
IONS,Ionis Pharmaceuticals Inc. Common Stock
IOT,Samsara Inc. Class A Common Stock
IOVA,Iovance Biotherapeutics Inc. Common Stock
IP,International Paper Company Common Stock
IPGP,IPG Photonics Corporation Common Stock
IQV,IQVIA Holdings Inc. Common Stock
IR,Ingersoll Rand Inc. Common Stock
IRDM,Iridium Communications Inc Common Stock
IREN,IREN Limited Ordinary Shares
IRM,Iron Mountain Incorporated (Delaware)Common Stock REIT
IRTC,iRhythm Holdings Inc. Common Stock
ISRG,Intuitive Surgical Inc. Common Stock
IT,Gartner Inc. Common Stock
ITGR,Integer Holdings Corporation Common Stock
ITT,ITT Inc. Common Stock
ITW,Illinois Tool Works Inc. Common Stock
IVZ,Invesco Ltd Common Stock
J,Jacobs Solutions Inc. Common Stock
JAZZ,Jazz Pharmaceuticals plc Common Stock (Ireland)
JBHT,J.B. Hunt Transport Services Inc. Common Stock
JBL,Jabil Inc. Common Stock
JBLU,JetBlue Airways Corporation Common Stock
JBS,JBS N.V. Class A Common Shares
JBTM,JBT Marel Corporation Common Stock
JCI,Johnson Controls International plc Ordinary Share
JEF,Jefferies Financial Group Inc. Common Stock
JHX,James Hardie Industries plc. Ordinary Shares
JKHY,Jack Henry & Associates Inc. Common Stock
JLL,Jones Lang LaSalle Incorporated Common Stock
JNJ,Johnson & Johnson Common Stock
JOBY,Joby Aviation Inc. Common Stock
JPM,JP Morgan Chase & Co. Common Stock
JXN,Jackson Financial Inc. Class A Common Stock
KAI,Kadant Inc Common Stock
KBH,KB Home Common Stock
KBR,KBR Inc. Common Stock
KDP,Keurig Dr Pepper Inc. Common Stock
KEEL,Keel Infrastructure Corp. Common Stock
KEX,Kirby Corporation Common Stock
KEY,KeyCorp Common Stock
KEYS,Keysight Technologies Inc. Common Stock
KGC,Kinross Gold Corporation Common Stock
KGS,Kodiak Gas Services Inc. Common Stock
KHC,The Kraft Heinz Company Common Stock
KIM,Kimco Realty Corporation (HC) Common Stock
KKR,KKR & Co. Inc. Common Stock
KLAC,KLA Corporation Common Stock
KLIC,Kulicke and Soffa Industries Inc. Common Stock
KLRS,Kalaris Therapeutics Inc. Common Stock
KMB,Kimberly-Clark Corporation Common Stock
KMI,Kinder Morgan Inc. Common Stock
KMT,Kennametal Inc. Common Stock
KMX,CarMax Inc
KNSA,Kiniksa Pharmaceuticals International plc Class A Ordinary Shares
KNSL,Kinsale Capital Group Inc. Common Stock
KNX,Knight-Swift Transportation Holdings Inc.
KO,Coca-Cola Company (The) Common Stock
KR,Kroger Company (The) Common Stock
KRC,Kilroy Realty Corporation Common Stock
KRG,Kite Realty Group Trust Common Stock
KRMN,Karman Holdings Inc. Common Stock
KRYS,Krystal Biotech Inc. Common Stock
KSS,Kohl's Corporation Common Stock
KTB,Kontoor Brands Inc. Common Stock
KTOS,Kratos Defense & Security Solutions Inc. Common Stock
KVUE,Kenvue Inc. Common Stock
KVYO,Klaviyo Inc. Series A Common Stock
KYMR,Kymera Therapeutics Inc. Common Stock
L,Loews Corporation Common Stock
LAD,Lithia Motors Inc. Common Stock
LAMR,Lamar Advertising Company Class A Common Stock
LASR,nLIGHT Inc. Common Stock
LAUR,Laureate Education Inc. Common Stock
LAZ,Lazard Inc. Common Stock
LBRT,Liberty Energy Inc. Class A common stock
LCID,Lucid Group Inc. Common Stock
LDOS,Leidos Holdings Inc. Common Stock
LEA,Lear Corporation Common Stock
LECO,Lincoln Electric Holdings Inc. Common Shares
LEN,Lennar Corporation Class A Common Stock
LEU,Centrus Energy Corp. Class A Common Stock
LEVI,Levi Strauss & Co Class A Common Stock
LFST,LifeStance Health Group Inc. Common Stock
LFUS,Littelfuse Inc. Common Stock
LGN,Legence Corp. Class A Common stock
LGND,Ligand Pharmaceuticals Incorporated Common Stock
LH,Labcorp Holdings Inc. Common Stock
LHX,L3Harris Technologies Inc. Common Stock
LII,Lennox International Inc. Common Stock
LIN,Linde plc Ordinary Shares
LITE,Lumentum Holdings Inc. Common Stock
LKQ,LKQ Corporation Common Stock
LLY,Eli Lilly and Company Common Stock
LMND,Lemonade Inc. Common Stock
LMT,Lockheed Martin Corporation Common Stock
LNC,Lincoln National Corporation Common Stock
LNG,Cheniere Energy Inc. Common Stock
LNT,Alliant Energy Corporation Common Stock
LNTH,Lantheus Holdings Inc. Common Stock
LOAR,Loar Holdings Inc. Common Stock
LOGI,Logitech International S.A. Ordinary Shares
LOPE,Grand Canyon Education Inc. Common Stock
LOW,Lowe's Companies Inc. Common Stock
LPLA,LPL Financial Holdings Inc. Common Stock
LPX,Louisiana-Pacific Corporation Common Stock
LQDA,Liquidia Corporation Common Stock
LRCX,Lam Research Corporation Common Stock
LSCC,Lattice Semiconductor Corporation Common Stock
LSTR,Landstar System Inc. Common Stock
LTH,Life Time Group Holdings Inc. Common Stock
LULU,lululemon athletica inc. Common Stock
LUMN,Lumen Technologies Inc. Common Stock
LUNR,Intuitive Machines Inc. Class A Common Stock
LUV,Southwest Airlines Company Common Stock
LVS,Las Vegas Sands Corp. Common Stock
LW,Lamb Weston Holdings Inc. Common Stock
LYB,LyondellBasell Industries NV Ordinary Shares Class A (Netherlands)
LYFT,Lyft Inc. Class A Common Stock
LYV,Live Nation Entertainment Inc. Common Stock
M,Macy's Inc Common Stock
MA,Mastercard Incorporated Common Stock
MAA,Mid-America Apartment Communities Inc. Common Stock
MAIR,Madison Air Solutions Corporation Class A Common Stock
MAN,ManpowerGroup Common Stock
MANE,Veradermics Incorporated Common Stock
MANH,Manhattan Associates Inc. Common Stock
MAR,Marriott International Class A Common Stock
MARA,MARA Holdings Inc. Common Stock
MAS,Masco Corporation Common Stock
MAT,Mattel Inc. Common Stock
MATX,Matson Inc. Common Stock
MBGL,Mobility Global Inc. Common Stock
MBLY,Mobileye Global Inc. Class A Common Stock
MBX,MBX Biosciences Inc. Common Stock
MC,Moelis & Company Class A Common Stock
MCD,McDonald's Corporation Common Stock
MCHP,Microchip Technology Incorporated Common Stock
MCK,McKesson Corporation Common Stock
MCO,Moody's Corporation Common Stock
MDA,MDA Space Ltd. Common Shares
MDB,MongoDB Inc. Class A Common Stock
MDGL,Madrigal Pharmaceuticals Inc. Common Stock
MDLN,Medline Inc. Class A Common Stock
MDLZ,Mondelez International Inc. Class A Common Stock
MDT,Medtronic plc. Ordinary Shares
MEDP,Medpace Holdings Inc. Common Stock
MELI,MercadoLibre Inc. Common Stock
MEOH,Methanex Corporation Common Stock
MET,MetLife Inc. Common Stock
META,Meta Platforms Inc. Class A Common Stock
MFC,Manulife Financial Corporation Common Stock
MFG,Mizuho Financial Group Inc. Sponosred ADR (Japan)
MFP,Midera Food Processing Inc. Common Stock
MGA,Magna International Inc. Common Stock
MGM,MGM Resorts International Common Stock
MGNI,Magnite Inc. Common Stock
MHK,Mohawk Industries Inc. Common Stock
MIAX,Miami International Holdings Inc. Common Stock
MIDD,Middleby Corporation (The) Common Stock
MIR,Mirion Technologies Inc. Class A Common Stock
MIRM,Mirum Pharmaceuticals Inc. Common Stock
MKC,McCormick & Company Incorporated Common Stock
MKL,Markel Group Inc. Common Stock
MKSI,MKS Inc. Common Stock
MLI,Mueller Industries Inc. Common Stock
MLM,Martin Marietta Materials Inc. Common Stock
MMM,3M Company Common Stock
MMS,Maximus Inc. Common Stock
MMSI,Merit Medical Systems Inc. Common Stock
MMYT,MakeMyTrip Limited Ordinary Shares
MNDY,monday.com Ltd. Ordinary Shares
MNST,Monster Beverage Corporation
MO,Altria Group Inc.
MOD,Modine Manufacturing Company Common Stock
MOH,Molina Healthcare Inc Common Stock
MORN,Morningstar Inc. Common Stock
MOS,Mosaic Company (The) Common Stock
MP,MP Materials Corp. Common Stock
MPC,Marathon Petroleum Corporation Common Stock
MPWR,Monolithic Power Systems Inc. Common Stock
MRCY,Mercury Systems Inc Common Stock
MRK,Merck & Company Inc. Common Stock (new)
MRNA,Moderna Inc. Common Stock
MRSH,Marsh Common Stock
MRVL,Marvell Technology Inc. Common Stock
MRX,Marex Group Limited Ordinary Shares
MS,Morgan Stanley Common Stock
MSCI,MSCI Inc. Common Stock
MSFT,Microsoft Corporation Common Stock
MSGS,Madison Square Garden Sports Corp. Class A Common Stock (New)
MSI,Motorola Solutions Inc. Common Stock
MSM,MSC Industrial Direct Company Inc. Common Stock
MSTR,Strategy Inc Common Stock Class A
MT,Arcelor Mittal NY Registry Shares NEW
MTB,M&T Bank Corporation Common Stock
MTCH,Match Group Inc. Common Stock
MTD,Mettler-Toledo International Inc. Common Stock
MTDR,Matador Resources Company Common Stock
MTG,MGIC Investment Corporation Common Stock
MTH,Meritage Homes Corporation Common Stock
MTN,Vail Resorts Inc. Common Stock
MTRN,Materion Corporation
MTSI,MACOM Technology Solutions Holdings Inc. Common Stock
MTZ,MasTec Inc. Common Stock
MU,Micron Technology Inc. Common Stock
MUFG,Mitsubishi UFJ Financial Group Inc. Common Stock
MUR,Murphy Oil Corporation Common Stock
MUSA,Murphy USA Inc. Common Stock
MWA,MUELLER WATER PRODUCTS Common Stock
MWH,SOLV Energy Inc. Class A Common Stock
MXL,MaxLinear Inc. Common Stock
MYRG,MYR Group Inc. Common Stock
NAVN,Navan Inc. Class A Common Stock
NBIS,Nebius Group N.V. Class A Ordinary Shares
NBIX,Neurocrine Biosciences Inc. Common Stock
NCLH,Norwegian Cruise Line Holdings Ltd. Ordinary Shares
NDAQ,Nasdaq Inc. Common Stock
NDSN,Nordson Corporation Common Stock
NE,Noble Corporation plc A Ordinary Shares
NEE,NextEra Energy Inc. Common Stock
NEM,Newmont Corporation
NEO,NeoGenomics Inc. Common Stock
NESR,National Energy Services Reunited Corp Ordinary Shares
NET,Cloudflare Inc. Class A Common Stock
NEU,NewMarket Corp Common Stock
NFG,National Fuel Gas Company Common Stock
NFLX,Netflix Inc. Common Stock
NI,NiSource Inc Common Stock
NKE,Nike Inc. Common Stock
NLY,Annaly Capital Management Inc. Common Stock
NN,NextNav Inc. Common Stock
NNN,NNN REIT Inc. Common Stock
NOC,Northrop Grumman Corporation Common Stock
NOG,Northern Oil and Gas Inc. Common Stock
NOV,NOV Inc. Common Stock
NOVT,Novanta Inc. Common Stock
NOW,ServiceNow Inc. Common Stock
NPO,Enpro Inc. Common Stock
NRG,NRG Energy Inc. Common Stock
NSA,National Storage Affiliates Trust Common Shares of Beneficial Interest
NSC,Norfolk Southern Corporation Common Stock
NSIT,Insight Enterprises Inc. Common Stock
NTAP,NetApp Inc. Common Stock
NTLA,Intellia Therapeutics Inc. Common Stock
NTNX,Nutanix Inc. Class A Common Stock
NTR,Nutrien Ltd. Common Shares
NTRA,Natera Inc. Common Stock
NTRS,Northern Trust Corporation Common Stock
NTSK,Netskope Inc. Class A Common Stock
NU,Nu Holdings Ltd. Class A Ordinary Shares
NUE,Nucor Corporation Common Stock
NVDA,NVIDIA Corporation Common Stock
NVMI,Nova Ltd. Ordinary Shares
NVO,Novo Nordisk A/S Common Stock
NVR,NVR Inc. Common Stock
NVS,Novartis AG Common Stock
NVST,Envista Holdings Corporation Common Stock
NVT,nVent Electric plc Ordinary Shares
NVTS,Navitas Semiconductor Corporation Common Stock
NWL,Newell Brands Inc. Common Stock
NWSA,News Corporation Class A Common Stock
NXE,Nexgen Energy Ltd. Common Shares
NXPI,NXP Semiconductors N.V. Common Stock
NXT,Nextpower Inc. Class A Common Stock
NYT,New York Times Company (The) Common Stock
O,Realty Income Corporation Common Stock
OC,Owens Corning Inc Common Stock New
ODFL,Old Dominion Freight Line Inc. Common Stock
OGE,OGE Energy Corp Common Stock
OGS,ONE Gas Inc. Common Stock
OHI,Omega Healthcare Investors Inc. Common Stock
OKE,ONEOK Inc. Common Stock
OKLO,Oklo Inc. Class A common stock
OKTA,Okta Inc. Class A Common Stock
OLED,Universal Display Corporation Common Stock
OLLI,Ollie's Bargain Outlet Holdings Inc. Common Stock
OLN,Olin Corporation Common Stock
OMC,Omnicom Group Inc. Common Stock
OMF,OneMain Holdings Inc. Common Stock
ON,ON Semiconductor Corporation Common Stock
ONB,Old National Bancorp Common Stock
ONDS,Ondas Inc. Common Stock
ONON,On Holding AG Class A Ordinary Shares
ONTO,Onto Innovation Inc. Common Stock
OPCH,Option Care Health Inc. Common Stock
OPEN,Opendoor Technologies Inc Common Stock
OPI,Office Properties Income Trust Common shares of beneficial interest
ORA,Ormat Technologies Inc. Common Stock
ORCL,Oracle Corporation Common Stock
ORI,Old Republic International Corporation Common Stock
ORKA,Oruka Therapeutics Inc. Common Stock
ORLA,Orla Mining Ltd. Common Shares
ORLY,O'Reilly Automotive Inc. Common Stock
OSCR,Oscar Health Inc. Class A Common Stock
OSIS,OSI Systems Inc. Common Stock (DE)
OSK,Oshkosh Corporation (Holding Company)Common Stock
OTIS,Otis Worldwide Corporation Common Stock
OTTR,Otter Tail Corporation Common Stock
OUST,Ouster Inc. Common Stock
OVV,Ovintiv Inc. (DE)
OWL,Blue Owl Capital Inc. Class A Common Stock
OXY,Occidental Petroleum Corporation Common Stock
OZK,Bank OZK Common Stock
P,Everpure Inc. Class A common stock
PAAS,Pan American Silver Corp. Common Stock
PAG,Penske Automotive Group Inc. Common Stock
PANW,Palo Alto Networks Inc. Common Stock
PARR,Par Pacific Holdings Inc.  Common Stock
PATH,UiPath Inc. Class A Common Stock
PATK,Patrick Industries Inc. Common Stock
PAYC,Paycom Software Inc. Common Stock
PAYX,Paychex Inc. Common Stock
PB,Prosperity Bancshares Inc. Common Stock
PBA,Pembina Pipeline Corp. Ordinary Shares (Canada)
PBF,PBF Energy Inc. Class A Common Stock
PBR,Petroleo Brasileiro S.A. Petrobras ADS
PCAR,PACCAR Inc. Common Stock
PCG,Pacific Gas & Electric Co. Common Stock
PCOR,Procore Technologies Inc. Common Stock
PCTY,Paylocity Holding Corporation Common Stock
PCVX,Vaxcyte Inc. Common Stock
PEG,Public Service Enterprise Group Incorporated Common Stock
PEGA,Pegasystems Inc. Common Stock
PEN,Penumbra Inc. Common Stock
PENG,Penguin Solutions Inc. Common Stock
PENN,PENN Entertainment Inc. Common Stock
PEP,PepsiCo Inc. Common Stock
PESI,Perma-Fix Environmental Services Inc. Common Stock
PFE,Pfizer Inc. Common Stock
PFG,Principal Financial Group Inc Common Stock
PFGC,Performance Food Group Company Common Stock
PG,Procter & Gamble Company (The) Common Stock
PGR,Progressive Corporation (The) Common Stock
PGY,Pagaya Technologies Ltd. Class A Ordinary Shares
PH,Parker-Hannifin Corporation Common Stock
PHM,PulteGroup Inc. Common Stock
PII,Polaris Inc. Common Stock
PINS,Pinterest Inc. Class A Common Stock
PIPR,Piper Sandler Companies Common Stock
PJT,PJT Partners Inc. Class A Common Stock
PK,Park Hotels & Resorts Inc. Common Stock
PKG,Packaging Corporation of America Common Stock
PL,Planet Labs PBC Class A Common Stock
PLD,Prologis Inc. Common Stock
PLNT,Planet Fitness Inc. Common Stock
PLTR,Palantir Technologies Inc. Class A Common Stock
PLXS,Plexus Corp. Common Stock
PM,Philip Morris International Inc Common Stock
PNC,PNC Financial Services Group Inc. (The) Common Stock
PNFP,Pinnacle Financial Partners Inc. Common stock
PNR,Pentair plc. Ordinary Share
PNW,Pinnacle West Capital Corporation Common Stock
PODD,Insulet Corporation Common Stock
POET,POET Technologies Inc. Common Shares
POOL,Pool Corporation Common Stock
POR,Portland General Electric Co Common Stock
POST,Post Holdings Inc. Common Stock
POWI,Power Integrations Inc. Common Stock
POWL,Powell Industries Inc. Common Stock
PPC,Pilgrim's Pride Corporation Common Stock
PPG,PPG Industries Inc. Common Stock
PPL,PPL Corporation Common Stock
PR,Permian Resources Corporation Class A Common Stock
PRAX,Praxis Precision Medicines Inc. Common Stock
PRI,Primerica Inc. Common Stock
PRIM,Primoris Services Corporation Common Stock
PRM,Perimeter Solutions SA Common Stock
PRMB,Primo Brands Corporation Class A Common Stock
PRU,Prudential Financial Inc. Common Stock
PSA,Public Storage Common Stock
PSKY,Paramount Skydance Corporation Class B Common Stock
PSN,Parsons Corporation Common Stock
PSNL,Personalis Inc. Common Stock
PSX,Phillips 66 Common Stock
PTC,PTC Inc. Common Stock
PTCT,PTC Therapeutics Inc. Common Stock
PTEN,Patterson-UTI Energy Inc. Common Stock
PTGX,Protagonist Therapeutics Inc. Common Stock
PTRN,Pattern Group Inc. Series A Common Stock
PURR,Hyperliquid Strategies Inc Common Stock
PVH,PVH Corp. Common Stock
PWR,Quanta Services Inc. Common Stock
PYPL,PayPal Holdings Inc. Common Stock
Q,Qnity Electronics Inc. Common Stock
QBTS,D-Wave Quantum Inc. Common Shares
QCOM,QUALCOMM Incorporated Common Stock
QGEN,Qiagen N.V. Common Shares
QLYS,Qualys Inc. Common Stock
QNT,Quantinuum Inc. Class A Common Stock
QRVO,Qorvo Inc. Common Stock
QS,QuantumScape Corporation Class A Common Stock
QSR,Restaurant Brands International Inc. Common Shares
QTWO,Q2 Holdings Inc. Common Stock
QUBT,Quantum Computing Inc. Common Stock
QXO,QXO Inc. Common Stock
R,Ryder System Inc. Common Stock
RACE,Ferrari N.V. Common Shares
RAL,Ralliant Corporation Common Stock
RARE,Ultragenyx Pharmaceutical Inc. Common Stock
RBA,RB Global Inc. Common Stock
RBC,RBC Bearings Incorporated Common Stock
RBLX,Roblox Corporation Class A Common Stock
RBRK,Rubrik Inc. Class A Common Stock
RCAT,Red Cat Holdings Inc. Common Stock
RCI,Rogers Communication Inc. Common Stock
RCL,Royal Caribbean Cruises Ltd. Common Stock
RDDT,Reddit Inc. Class A Common Stock
RDNT,RadNet Inc. Common Stock
RDW,Redwire Corporation Common Stock
REG,Regency Centers Corporation Common Stock
REGN,Regeneron Pharmaceuticals Inc. Common Stock
RELY,Remitly Global Inc. Common Stock
REXR,Rexford Industrial Realty Inc. Common Stock
REZI,Resideo Technologies Inc. Common Stock
RF,Regions Financial Corporation Common Stock
RGA,Reinsurance Group of America Incorporated Common Stock
RGEN,Repligen Corporation Common Stock
RGLD,Royal Gold Inc. Common Stock
RGNX,REGENXBIO Inc. Common Stock
RGTI,Rigetti Computing Inc. Common Stock
RH,RH Common Stock
RHI,Robert Half Inc. Common Stock
RHP,Ryman Hospitality Properties Inc. (REIT)
RIG,Transocean Ltd (Switzerland) Common Stock
RIO,Rio Tinto Plc Common Stock
RIOT,Riot Platforms Inc. Common Stock
RITM,Rithm Capital Corp. Common Stock
RIVN,Rivian Automotive Inc. Class A Common Stock
RJF,Raymond James Financial Inc. Common Stock
RKLB,Rocket Lab Corporation Common Stock
RKT,Rocket Companies Inc. Class A Common Stock
RL,Ralph Lauren Corporation Common Stock
RLAY,Relay Therapeutics Inc. Common Stock
RLI,RLI Corp. Common Stock (DE)
RMBS,Rambus Inc. Common Stock
RMD,ResMed Inc. Common Stock
RNG,RingCentral Inc. Class A Common Stock
RNR,RenaissanceRe Holdings Ltd. Common Stock
ROAD,Construction Partners Inc. Class A Common Stock
ROG,Rogers Corporation Common Stock
ROIV,Roivant Sciences Ltd. Common Shares
ROK,Rockwell Automation Inc. Common Stock
ROKU,Roku Inc. Class A Common Stock
ROL,Rollins Inc. Common Stock
ROP,Roper Technologies Inc. Common Stock
ROST,Ross Stores Inc. Common Stock
RPM,RPM International Inc. Common Stock
RPRX,Royalty Pharma plc Class A Ordinary Shares
RRC,Range Resources Corporation Common Stock
RRR,Red Rock Resorts Inc. Class A Common Stock
RRX,Regal Rexnord Corporation Common Stock
RS,Reliance Inc. Common Stock
RSG,Republic Services Inc. Common Stock
RSI,Rush Street Interactive Inc. Class A Common Stock
RTX,RTX Corporation Common Stock
RUN,Sunrun Inc. Common Stock
RVMD,Revolution Medicines Inc. Common Stock
RVTY,Revvity Inc. Common Stock
RXO,RXO Inc. Common Stock
RY,Royal Bank Of Canada Common Stock
RYAN,Ryan Specialty Holdings Inc. Class A Common Stock
RYN,Rayonier Inc. REIT Common Stock
RYTM,Rhythm Pharmaceuticals Inc. Common Stock
S,SentinelOne Inc. Class A Common Stock
SAIA,Saia Inc. Common Stock
SAIC,Science Applications International Corporation Common Stock
SAIL,SailPoint Inc. Common Stock
SAM,Boston Beer Company Inc. (The) Common Stock
SAN,Banco Santander S.A. Sponsored ADR (Spain)
SANM,Sanmina Corporation Common Stock
SAP,SAP  SE ADS
SARO,StandardAero Inc. Common Stock
SBAC,SBA Communications Corporation Class A Common Stock
SBRA,Sabra Health Care REIT Inc. Common Stock
SBUX,Starbucks Corporation Common Stock
SCCO,Southern Copper Corporation Common Stock
SCHW,Charles Schwab Corporation (The) Common Stock
SCI,Service Corporation International Common Stock
SDOT,Sadot Group Inc. Common Stock
SEDG,SolarEdge Technologies Inc. Common Stock
SEI,Solaris Energy Infrastructure Inc. Class A Common Stock
SEIC,SEI Investments Company Common Stock
SEZL,Sezzle Inc. Common Stock
SF,Stifel Financial Corporation Common Stock
SFM,Sprouts Farmers Market Inc. Common Stock
SFNC,Simmons First National Corporation Class A Common Stock
SG,Sweetgreen Inc. Class A Common Stock
SGI,Somnigroup International Inc. Common Stock
SHAK,Shake Shack Inc. Class A Common Stock
SHAZ,SharonAI Holdings Inc. Class A Common Stock
SHC,Sotera Health Company Common Stock
SHLS,Shoals Technologies Group Inc. Class A Common Stock
SHOP,Shopify Inc. Class A Subordinate Voting Shares
SHW,Sherwin-Williams Company (The) Common Stock
SIG,Signet Jewelers Limited Common Shares
SION,Sionna Therapeutics Inc. Common Stock
SIRI,SiriusXM Holdings Inc. Common Stock
SITE,SiteOne Landscape Supply Inc. Common Stock
SITM,SiTime Corporation Common Stock
SJM,The J.M. Smucker Company Common Stock
SKM,SK Telecom Co. Ltd. Common Stock
SKT,Tanger Inc. Common Stock
SKWD,Skyward Specialty Insurance Group Inc. Common Stock
SKY,Champion Homes Inc. Common Stock
SLAB,Silicon Laboratories Inc. Common Stock
SLB,SLB Limited Common Shares
SLF,Sun Life Financial Inc. Common Stock
SLG,SL Green Realty Corp Common Stock
SLGN,Silgan Holdings Inc. Common Stock
SLM,SLM Corporation Common Stock
SLS,SELLAS Life Sciences Group Inc. Common Stock
SM,SM Energy Company Common Stock
SMCI,Super Micro Computer Inc. Common Stock
SMG,Scotts Miracle-Gro Company (The) Common Stock
SMR,NuScale Power Corporation Class A Common Stock
SMTC,Semtech Corporation Common Stock
SN,SharkNinja Inc. Ordinary Shares
SNA,Snap-On Incorporated Common Stock
SNAP,Snap Inc. Class A Common Stock
SNDK,Sandisk Corporation Common Stock
SNDR,Schneider National Inc. Common Stock
SNEX,StoneX Group Inc. Common Stock
SNN,Smith & Nephew SNATS Inc. Common Stock
SNOW,Snowflake Inc. Common Stock
SNPS,Synopsys Inc. Common Stock
SNX,TD SYNNEX Corporation Common Stock
SNY,Sanofi ADS
SO,Southern Company (The) Common Stock
SOFI,SoFi Technologies Inc. Common Stock
SOLS,Solstice Advanced Materials Inc. Common Stock
SOLV,Solventum Corporation Common Stock
SON,Sonoco Products Company Common Stock
SONO,Sonos Inc. Common Stock
SOUN,SoundHound AI Inc Class A Common Stock
SPCX,Space Exploration Technologies Corp. Class A Common Stock
SPG,Simon Property Group Inc. Common Stock
SPGI,S&P Global Inc. Common Stock
SPHR,Sphere Entertainment Co. Class A Common Stock
SPOT,Spotify Technology S.A. Ordinary Shares
SPXC,SPX Technologies Inc. Common Stock
SQM,Sociedad Quimica y Minera S.A. Common Stock
SRE,DBA Sempra Common Stock
SRPT,Sarepta Therapeutics Inc. Common Stock (DE)
SRRK,Scholar Rock Holding Corporation Common Stock
SSB,SouthState Bank Corporation Common Stock
SSNC,SS&C Technologies Holdings Inc. Common Stock
SSRM,SSR Mining Inc. Common Stock
ST,Sensata Technologies Holding plc Ordinary Shares
STAA,STAAR Surgical Company Common Stock
STAG,Stag Industrial Inc. Common Stock
STE,STERIS plc (Ireland) Ordinary Shares
STEP,StepStone Group Inc. Class A Common Stock
STLA,Stellantis N.V. Common Shares
STLD,Steel Dynamics Inc.
STM,STMicroelectronics N.V. Common Stock
STRL,Sterling Infrastructure Inc. Common Stock
STT,State Street Corporation Common Stock
STUB,StubHub Holdings Inc. Class A Common Stock
STWD,STARWOOD PROPERTY TRUST INC. Starwood Property Trust Inc.
STX,Seagate Technology Holdings PLC Ordinary Shares (Ireland)
STZ,Constellation Brands Inc. Common Stock
SU,Suncor Energy  Inc. Common Stock
SUI,Sun Communities Inc. Common Stock
SUNB,Sunbelt Rentals Holdings Inc. Common Stock
SW,Smurfit WestRock plc Ordinary Shares
SWK,Stanley Black & Decker Inc. Common Stock
SWKS,Skyworks Solutions Inc. Common Stock
SWX,Southwest Gas Holdings Inc. Common Stock (DE)
SXT,Sensient Technologies Corporation Common Stock
SYF,Synchrony Financial Common Stock
SYK,Stryker Corporation Common Stock
SYM,Symbotic Inc. Class A Common Stock
SYNA,Synaptics Incorporated Common Stock $0.001 Par Value
SYRE,Spyre Therapeutics Inc. Common Stock
SYY,Sysco Corporation Common Stock
T,AT&T Inc.
TAP,Molson Coors Beverage Company Class B Common Stock
TARS,Tarsus Pharmaceuticals Inc. Common Stock
TCBI,Texas Capital Bancshares Inc. Common Stock
TD,Toronto Dominion Bank (The) Common Stock
TDC,Teradata Corporation Common Stock
TDG,Transdigm Group Incorporated Common Stock
TDY,Teledyne Technologies Incorporated Common Stock
TE,T1 Energy Inc. Common Stock
TEAM,Atlassian Corporation Class A Common Stock
TECH,Bio-Techne Corp Common Stock
TECK,Teck Resources Ltd Ordinary Shares
TEL,TE Connectivity plc Ordinary Shares
TEM,Tempus AI Inc. Class A Common Stock
TENB,Tenable Holdings Inc. Common Stock
TER,Teradyne Inc. Common Stock
TEX,Terex Corporation Common Stock
TFC,Truist Financial Corporation Common Stock
TFII,TFI International Inc. Common Shares
TFX,Teleflex Incorporated Common Stock
TGT,Target Corporation Common Stock
TGTX,TG Therapeutics Inc. Common Stock
THC,Tenet Healthcare Corporation Common Stock
THG,Hanover Insurance Group Inc
THO,Thor Industries Inc. Common Stock
TIGO,Millicom International Cellular S.A. Common Stock
TJX,TJX Companies Inc. (The) Common Stock
TKO,TKO Group Holdings Inc. Class A Common Stock
TKR,Timken Company (The) Common Stock
TLN,Talen Energy Corporation Common Stock
TM,Toyota Motor Corporation Common Stock
TMHC,Taylor Morrison Home Corporation Common Stock
TMO,Thermo Fisher Scientific Inc Common Stock
TMUS,T-Mobile US Inc. Common Stock
TNGX,Tango Therapeutics Inc.
TNL,Travel   Leisure Co. Common  Stock
TOL,Toll Brothers Inc. Common Stock
TOST,Toast Inc. Class A Common Stock
TPC,Tutor Perini Corporation Common Stock
TPG,TPG Inc. Class A Common Stock
TPL,Texas Pacific Land Corporation Common Stock
TPR,Tapestry Inc. Common Stock
TREX,Trex Company Inc. Common Stock
TRGP,Targa Resources Inc. Common Stock
TRI,Thomson Reuters Corporation Common Shares
TRMB,Trimble Inc. Common Stock
TRNO,Terreno Realty Corporation Common Stock
TROW,T. Rowe Price Group Inc. Common Stock
TRP,TC Energy Corporation Common Stock
TRU,TransUnion Common Stock
TRV,The Travelers Companies Inc. Common Stock
TRVI,Trevi Therapeutics Inc. Common Stock
TSCO,Tractor Supply Company Common Stock
TSEM,Tower Semiconductor Ltd. Ordinary Shares
TSLA,Tesla Inc. Common Stock
TSM,Taiwan Semiconductor Manufacturing Company Ltd.
TSN,Tyson Foods Inc. Common Stock
TT,Trane Technologies plc
TTAN,ServiceTitan Inc. Class A Common Stock
TTC,Toro Company (The) Common Stock
TTD,The Trade Desk Inc. Class A Common Stock
TTE,TotalEnergies SE Ordinary Shares
TTEK,Tetra Tech Inc. Common Stock
TTMI,TTM Technologies Inc. Common Stock
TTWO,Take-Two Interactive Software Inc. Common Stock
TU,Telus Corporation Ordinary Shares
TVTX,Travere Therapeutics Inc. Common Stock
TW,Tradeweb Markets Inc. Class A Common Stock
TWLO,Twilio Inc. Class A Common Stock
TWST,Twist Bioscience Corporation Common Stock
TXG,10x Genomics Inc. Class A Common Stock
TXN,Texas Instruments Incorporated Common Stock
TXNM,TXNM Energy Inc. Common Stock
TXRH,Texas Roadhouse Inc. Common Stock
TXT,Textron Inc. Common Stock
TYL,Tyler Technologies Inc. Common Stock
U,Unity Software Inc. Common Stock
UAA,Under Armour Inc. Class A Common Stock
UAL,United Airlines Holdings Inc. Common Stock
UBER,Uber Technologies Inc. Common Stock
UBS,UBS Group AG Registered Ordinary Shares
UBSI,United Bankshares Inc. Common Stock
UCB,United Community Banks Inc. Common Stock
UCTT,Ultra Clean Holdings Inc. Common Stock
UDR,UDR Inc. Common Stock
UEC,Uranium Energy Corp. Common Stock
UFPT,UFP Technologies Inc. Common Stock
UHS,Universal Health Services Inc. Common Stock
UI,Ubiquiti Inc. Common Stock
ULS,UL Solutions Inc. Class A Common Stock
ULTA,Ulta Beauty Inc. Common Stock
UMBF,UMB Financial Corporation Common Stock
UMC,United Microelectronics Corporation (NEW) Common Stock
UNH,UnitedHealth Group Incorporated Common Stock (DE)
UNM,Unum Group Common Stock
UNP,Union Pacific Corporation Common Stock
UPS,United Parcel Service Inc. Common Stock
UPST,Upstart Holdings Inc. Common stock
URBN,Urban Outfitters Inc. Common Stock
URGN,UroGen Pharma Ltd. Ordinary Shares
URI,United Rentals Inc. Common Stock
USAR,USA Rare Earth Inc. Class A Common Stock
USB,U.S. Bancorp Common Stock
USFD,US Foods Holding Corp. Common Stock
UTHR,United Therapeutics Corporation Common Stock
UUUU,Energy Fuels Inc Ordinary Shares (Canada)
V,Visa Inc.
VAC,Marriott Vacations Worldwide Corporation Common Stock
VC,Visteon Corporation Common Stock
VCTR,Victory Capital Holdings Inc. Class A Common Stock
VCYT,Veracyte Inc. Common Stock
VECO,Veeco Instruments Inc. Common Stock
VEEE,Twin Vee PowerCats Co. Common Stock
VEEV,Veeva Systems Inc. Class A Common Stock
VERA,Vera Therapeutics Inc. Class A Common Stock
VFC,V.F. Corporation Common Stock
VG,Venture Global Inc. Class A common stock
VIAV,Viavi Solutions Inc. Common Stock
VICI,VICI Properties Inc. Common Stock
VICR,Vicor Corporation Common Stock
VIK,Viking Holdings Ltd Ordinary Shares
VIRT,Virtu Financial Inc. Class A Common Stock
VISN,Vistance Networks Inc. Common Stock
VKTX,Viking Therapeutics Inc. Common Stock
VLO,Valero Energy Corporation Common Stock
VLTO,Veralto Corp Common Stock
VLY,Valley National Bancorp Common Stock
VMC,Vulcan Materials Company (Holding Company) Common Stock
VMI,Valmont Industries Inc. Common Stock
VNO,Vornado Realty Trust Common Stock
VNOM,Viper Energy Inc. Class A Common Stock
VOYA,Voya Financial Inc. Common Stock
VRNS,Varonis Systems Inc. Common Stock
VRSK,Verisk Analytics Inc. Common Stock
VRSN,VeriSign Inc. Common Stock
VRT,Vertiv Holdings LLC Class A Common Stock
VRTX,Vertex Pharmaceuticals Incorporated Common Stock
VSAT,ViaSat Inc. Common Stock
VSEC,VSE Corporation Common Stock
VSH,Vishay Intertechnology Inc. Common Stock
VSNT,Versant Media Group Inc. Class A Common Stock
VST,Vistra Corp. Common Stock
VSXY,Victorias Secret & Co. Common Stock
VTR,Ventas Inc. Common Stock
VTRS,Viatris Inc. Common Stock
VVV,Valvoline Inc. Common Stock
VZ,Verizon Communications Inc. Common Stock
W,Wayfair Inc. Class A Common Stock
WAB,Westinghouse Air Brake Technologies Corporation Common Stock
WAFD,WaFd Inc. Common Stock
WAL,Western Alliance Bancorporation Common Stock (DE)
WAT,Waters Corporation Common Stock
WAY,Waystar Holding Corp. Common Stock
WBD,Warner Bros. Discovery Inc. Series A Common Stock
WBI,WaterBridge Infrastructure LLC Class A Shares Representing Limited Liability Company Interests
WBS,Webster Financial Corporation Common Stock
WCC,WESCO International Inc. Common Stock
WCN,Waste Connections Inc. Common Shares
WDAY,Workday Inc. Class A Common Stock
WDC,Western Digital Corporation Common Stock
WEC,WEC Energy Group Inc. Common Stock
WELL,Welltower Inc. Common Stock
WEN,Wendy's Company (The) Common Stock
WERN,Werner Enterprises Inc. Common Stock
WEX,WEX Inc. common stock
WFC,Wells Fargo & Company Common Stock
WFRD,Weatherford International plc Ordinary Shares
WH,Wyndham Hotels & Resorts Inc. Common Stock
WHD,Cactus Inc. Class A Common Stock
WHR,Whirlpool Corporation Common Stock
WING,Wingstop Inc. Common Stock
WIX,Wix.com Ltd. Ordinary Shares
WK,Workiva Inc. Class A Common Stock
WLK,Westlake Corporation Common Stock
WM,Waste Management Inc. Common Stock
WMB,Williams Companies Inc. (The) Common Stock
WMS,Advanced Drainage Systems Inc. Common Stock
WMT,Walmart Inc. Common Stock
WOLF,Wolfspeed Inc. Common Stock New
WPC,W. P. Carey Inc. REIT
WPM,Wheaton Precious Metals Corp Common Shares (Canada)
WRB,W.R. Berkley Corporation Common Stock
WRBY,Warby Parker Inc. Class A Common Stock
WSBC,WesBanco Inc. Common Stock
WSC,WillScot Holdings Corporation Class A Common Stock
WSFS,WSFS Financial Corporation Common Stock
WSM,Williams-Sonoma Inc. Common Stock (DE)
WSO,Watsco Inc. Common Stock
WST,West Pharmaceutical Services Inc. Common Stock
WT,WisdomTree Inc. Common Stock
WTFC,Wintrust Financial Corporation Common Stock
WTRG,Essential Utilities Inc. Common Stock
WTS,Watts Water Technologies Inc. Class A Common Stock
WTTR,Select Water Solutions Inc. Class A common stock
WTW,Willis Towers Watson Public Limited Company Ordinary Shares
WU,Western Union Company (The) Common Stock
WULF,TeraWulf Inc. Common Stock
WWD,Woodward Inc. Common Stock
WY,Weyerhaeuser Company Common Stock
WYFI,WhiteFiber Inc. Ordinary Shares
WYNN,Wynn Resorts Limited Common stock
XE,X-Energy Inc. Class A Common Stock
XEL,Xcel Energy Inc. Common Stock
XENE,Xenon Pharmaceuticals Inc. Common Shares
XMTR,Xometry Inc. Class A Common Stock
XOM,ExxonMobil Holdings Corporation Common Stock
XP,XP Inc. Class A Common Stock
XPO,XPO Inc. Common Stock
XRAY,DENTSPLY SIRONA Inc. Common Stock
XYL,Xylem Inc. Common Stock New
XYZ,Block Inc. Class A Common Stock
YETI,YETI Holdings Inc. Common Stock
YOU,Clear Secure Inc. Class A Common Stock
YPF,YPF Sociedad Anonima Common Stock
YUM,Yum! Brands Inc.
YUMC,Yum China Holdings Inc. Common Stock
Z,Zillow Group Inc. Class C Capital Stock
ZBH,Zimmer Biomet Holdings Inc. Common Stock
ZBRA,Zebra Technologies Corporation Class A Common Stock
ZETA,Zeta Global Holdings Corp. Class A Common Stock
ZION,Zions Bancorporation N.A. Common Stock
ZM,Zoom Communications Inc. Class A Common Stock
ZS,Zscaler Inc. Common Stock
ZTS,Zoetis Inc. Class A Common Stock
ZWS,Zurn Elkay Water Solutions Corporation Common Stock
